,Phylum,Class,Order,Family,Genus,Species,modern_longitude,modern_latitude,start_year,end_year,ancient_longitude,ancient_latitude,era
1,Angiospermae,,,,Antholithus ,Antholithus  fulongshanensis,120.619,41.101,-174,-163,125.63,44.28,4
2,Angiospermae,Dicotyledoneae,,Sinodicotiaceae,Cycadicotis,Cycadicotis nissonervis,120.619,41.101,-174,-163,125.63,44.28,4
3,Angiospermae,Dicotyledoneae,,Rhamnaceae,Paliurus,Paliurus jurassinicus,120.351,45.966,-174,-163,126.14,49.68,4
4,Angiospermae,Monocotyledoneae,,Potamogetonaceae,Potamogeton,Potamogeton jeholensis,119.357,40.961,-174,-145,122.52,42.22,4
5,Angiospermae,Dicotyledoneae,,Juglandaceae,Pterocarya,Pterocarya siniptera,120.351,45.966,-174,-163,126.14,49.68,4
6,Angiospermae,Dicotyledoneae,,Rhamnaceae,Zizyphus,Zizyphus liaoxijujuba,120.351,45.966,-174,-163,126.14,49.68,4
7,Angiospermae,,,,Antholithus ,Antholithus  ovatus,120.83,41.612,-163,-145,124.04,42.85,5
8,Angiospermae,Dicotyledoneae,,,Archaefructus,Archaefructus liaoningensis,120.462,41.587,-163,-145,123.66,42.83,5
9,Angiospermae,Dicotyledoneae,,,Archaefructus,Archaefructus sinensis,119.401,41.245,-163,-145,122.57,42.5,5
10,Angiospermae,,,,Beipiaoa,Beipiaoa parva ,120.836,41.615,-163,-145,124.04,42.86,5
11,Angiospermae,,,,Beipiaoa,Beipiaoa rotunda,120.836,41.615,-163,-145,124.04,42.86,5
12,Angiospermae,,,,Beipiaoa,Beipiaoa spinosa,120.836,41.615,-163,-145,124.04,42.86,5
13,Angiospermae,,Gnetales,,Chaoyangia,Chaoyangia liangii,120.445,41.571,-163,-145,123.64,42.82,5
14,Angiospermae,,,,Erenia,Erenia stenoptera,120.836,41.615,-163,-145,124.04,42.86,5
15,Angiospermae,,,,Gurvanella ,Gurvanella  exquisites ,123.423,41.833,-163,-145,126.68,43.05,5
16,Angiospermae,Dicotyledoneae,,Ranunculaceae,Ranunculus,Ranunculus jeholensis,119.357,40.961,-163,-145,122.52,42.22,5
17,Angiospermae,Dicotyledoneae,,Nymphaceae,Rhizoma,Rhizoma elliptica,120.836,41.615,-163,-145,124.04,42.86,5
18,Angiospermae,Dicotyledoneae,,,Anomozamites,Anomozamites angulatus,119.586,45.429,-145,-100,121.44,47.28,6
19,Angiospermae,Dicotyledoneae,,,Anomozamites,Anomozamites arcticus,131.117,44.088,-145,-100,133.57,46.7,6
20,Angiospermae,Monocotyledoneae,,,Anomozamites,Anomozamites arcticus,130.29,47.347,-145,-100,132.28,49.89,6
21,Angiospermae,,,Araliaceae,Araliaephyllum,Araliaephyllum obtusilobum,129.434,42.764,-145,-100,131.42,44.63,6
22,Angiospermae,Monocotyledoneae,,Taxodiaceae,Athrotaxites ,Athrotaxites  cf. berryi,121.41,41.78,-145,-100,123.31,43.19,6
23,Angiospermae,Dicotyledoneae,,,Brachyphyllum ,Brachyphyllum  cf. ningshiaense,116.196,39.971,-145,-100,118.2,41.07,6
24,Angiospermae,Dicotyledoneae,,,Brachyphyllum ,Brachyphyllum  cf. ningshiaense,117.311,33.319,-145,-100,119.97,34.51,6
25,Angiospermae,Dicotyledoneae,,,Brachyphyllum ,Brachyphyllum  cf. ningshiaense,121.62,29.863,-145,-100,124.77,33.06,6
26,Angiospermae,Dicotyledoneae,,Taxodiaceae,Cephalotaxopsis ,Cephalotaxopsis  asiatica ,111.758,40.815,-145,-100,113.63,41.64,6
27,Angiospermae,Dicotyledoneae,,Taxodiaceae,Cephalotaxopsis ,Cephalotaxopsis  asiatica ,126.04,44.459,-145,-100,128.24,46.75,6
28,Angiospermae,Dicotyledoneae,,Taxodiaceae,Cephalotaxopsis ,Cephalotaxopsis  asiatica ,130.961,45.293,-145,-100,133.26,47.89,6
29,Angiospermae,Dicotyledoneae,,,Cladophlebis,Cladophlebis acuta,119.598,45.436,-145,-100,121.45,47.29,6
30,Angiospermae,Dicotyledoneae,,,Cladophlebis,Cladophlebis argutula,119.648,45.525,-145,-100,121.49,47.38,6
31,Angiospermae,Dicotyledoneae,,,Cladophlebis,Cladophlebis acuta,128.957,42.516,-145,-100,130.96,44.35,6
32,Angiospermae,Dicotyledoneae,,,Cladophlebis,Cladophlebis acuta,130.975,45.3,-145,-100,133.27,47.9,6
33,Angiospermae,Monocotyledoneae,,,Cladophlebis,Cladophlebis argutula,127.352,45.719,-145,-100,129.44,48.09,6
34,Angiospermae,Dicotyledoneae,,Dicksoniaceae,Coniopteris,Coniopteris arctica,120.563,45.551,-145,-100,122.43,47.47,6
35,Angiospermae,Dicotyledoneae,,Dicksoniaceae,Coniopteris,Coniopteris arctica,121.676,42.001,-145,-100,123.56,43.43,6
36,Angiospermae,Dicotyledoneae,,Dicksoniaceae,Coniopteris,Coniopteris arctica,121.679,42.034,-145,-100,123.56,43.46,6
37,Angiospermae,Dicotyledoneae,,Dicksoniaceae,Coniopteris,Coniopteris arctica,123.552,42.447,-145,-100,125.43,43.98,6
38,Angiospermae,Dicotyledoneae,,Dicksoniaceae,Coniopteris,Coniopteris arctica,126.046,44.461,-145,-100,128.25,46.75,6
39,Angiospermae,Dicotyledoneae,,Dicksoniaceae,Coniopteris,Coniopteris arctica,130.799,45.861,-145,-100,133.01,48.44,6
40,Angiospermae,Dicotyledoneae,,Dicksoniaceae,Coniopteris,Coniopteris arctica,131.132,45.346,-145,-100,133.43,47.95,6
41,Angiospermae,Dicotyledoneae,,Dicksoniaceae,Coniopteris,Coniopteris arctica,134.047,47.426,-145,-100,136.21,50.2,6
42,Angiospermae,Dicotyledoneae,,Dicksoniaceae,Coniopteris,Coniopteris hunangjiabaoensis,114.7,40.888,-145,-100,116.59,41.9,6
43,Angiospermae,Dicotyledoneae,,Taxodiaceae,Cunninhamia  ,Cunninhamia   asiatica ,119.282,42.036,-145,-100,121.12,43.32,6
44,Angiospermae,Dicotyledoneae,,Taxodiaceae,Cunninhamia  ,Cunninhamia   asiatica ,123.539,42.439,-145,-100,125.41,43.97,6
45,Angiospermae,Dicotyledoneae,,,Czekanowskia,Czekanowskia  setacea,119.512,41.65,-145,-100,121.39,42.95,6
46,Angiospermae,Dicotyledoneae,,,Czekanowskia,Czekanowskia  setacea,130.297,47.111,-145,-100,132.32,49.66,6
47,Angiospermae,Monocotyledoneae,,,Czekanowskia,Czekanowskia  setacea,123.423,41.833,-145,-100,125.36,43.36,6
48,Angiospermae,Dicotyledoneae,,Dicksoniaceae,Dicksonia,Dicksonia arctica,117.669,49.51,-145,-100,118.82,51.21,6
49,Angiospermae,Dicotyledoneae,,Dicksoniaceae,Dicksonia,Dicksonia arctica,119.76,49.223,-145,-100,121.03,51.07,6
50,Angiospermae,Dicotyledoneae,,Dicksoniaceae,Dicksonia,Dicksonia arctica,120.579,49.242,-145,-100,121.87,51.14,6
51,Angiospermae,Dicotyledoneae,,Dicksoniaceae,Dicksonia,Dicksonia arctica,120.585,49.248,-145,-100,121.87,51.15,6
52,Angiospermae,Dicotyledoneae,,Dicksoniaceae,Dicksonia,Dicksonia arctica,123.471,48.124,-145,-100,125.05,50.23,6
53,Angiospermae,Dicotyledoneae,,Dicksoniaceae,Dicksonia,Dicksonia arctica,123.552,42.447,-145,-100,125.43,43.98,6
54,Angiospermae,Dicotyledoneae,,Taxodiaceae,Elatides ,Elatides  araucarioides ,109.985,41.012,-145,-100,111.82,41.73,6
55,Angiospermae,Dicotyledoneae,,Taxodiaceae,Elatides ,Elatides  asiatica ,130.584,45.753,-145,-100,132.8,48.32,6
56,Angiospermae,Dicotyledoneae,,Taxodiaceae,Elatides ,Elatides  asiatica ,131.116,44.084,-145,-100,133.57,46.69,6
57,Angiospermae,Dicotyledoneae,,,Elatocladus ,Elatocladus  angustifolius ,124.626,40.826,-145,-100,126.7,42.42,6
58,Angiospermae,Dicotyledoneae,,,Elatocladus ,Elatocladus  angustifolius ,131.386,46.583,-145,-100,133.53,49.2,6
59,Angiospermae,Dicotyledoneae,,,Ginkgo,Ginkgo crassinervis,125.9,44.156,-145,-100,128.14,46.44,6
60,Angiospermae,Dicotyledoneae,,,Ginkgo ,Ginkgo  adiantoides ,119.771,48.53,-145,-100,121.15,50.38,6
61,Angiospermae,Dicotyledoneae,,,Ginkgo ,Ginkgo  apodes,121.233,41.53,-145,-100,123.16,42.93,6
62,Angiospermae,Dicotyledoneae,,,Ginkgo ,Ginkgo  adiantoides ,124.906,43.578,-145,-100,126.69,45.18,6
63,Angiospermae,Dicotyledoneae,,,Ginkgo ,Ginkgo  adiantoides ,127.479,45.756,-145,-100,129.56,48.13,6
64,Angiospermae,Dicotyledoneae,,,Ginkgo ,Ginkgo  adiantoides ,128.052,45.769,-145,-100,130.16,48.18,6
65,Angiospermae,Dicotyledoneae,,,Ginkgo ,Ginkgo  adiantoides ,131.1,46.596,-145,-100,133.23,49.2,6
66,Angiospermae,Dicotyledoneae,,,Ginkgoites ,Ginkgoites  adiantoides,131.838,45.527,-145,-100,134.14,48.18,6
67,Angiospermae,Dicotyledoneae,,,Jacutiella,Jacutiella amurensis,127.437,50.228,-145,-100,128.84,52.58,6
68,Angiospermae,Dicotyledoneae,,,Lhassoxylon ,Lhassoxylon  aptianum ,91.261,29.895,-145,-100,88.82,13.77,6
69,Angiospermae,Dicotyledoneae,,Podocarpaceae,Nageiopsis ,Nageiopsis  angustifolia ,109.826,40.915,-145,-100,111.67,41.62,6
70,Angiospermae,Dicotyledoneae,,,Nilssonia,Nilssonia angustissima,121.671,41.999,-145,-100,123.55,43.42,6
71,Angiospermae,Dicotyledoneae,,,Nilssonia,Nilssonia angustissima,131.004,45.335,-145,-100,133.3,47.93,6
72,Angiospermae,Dicotyledoneae,,,Nilssoniopteris,Nilssoniopteris aniana,127.291,43.568,-145,-100,129.13,45.31,6
73,Angiospermae,Dicotyledoneae,,,Pagiophyllum ,Pagiophyllum  ambiguum ,130.997,45.768,-145,-100,133.23,48.36,6
74,Angiospermae,Dicotyledoneae,,,Phoenicopsis ,Phoenicopsis  angustifolia,109.739,39.566,-145,-100,111.72,40.27,6
75,Angiospermae,Dicotyledoneae,,,Phoenicopsis ,Phoenicopsis  angustifolia,116.639,41.207,-145,-100,118.52,42.33,6
76,Angiospermae,Dicotyledoneae,,,Phoenicopsis ,Phoenicopsis  angustifolia,118.641,41.384,-145,-100,120.54,42.63,6
77,Angiospermae,Dicotyledoneae,,,Phoenicopsis ,Phoenicopsis  angustifolia,119.512,41.65,-145,-100,121.39,42.95,6
78,Angiospermae,Dicotyledoneae,,,Phoenicopsis ,Phoenicopsis  angustifolia,120.573,49.24,-145,-100,121.86,51.14,6
79,Angiospermae,Dicotyledoneae,,,Phoenicopsis ,Phoenicopsis  angustifolia,121.048,49.071,-145,-100,122.38,51,6
80,Angiospermae,Dicotyledoneae,,,Phoenicopsis ,Phoenicopsis  angustifolia,123.536,42.445,-145,-100,125.41,43.98,6
81,Angiospermae,Dicotyledoneae,,,Phoenicopsis ,Phoenicopsis  angustifolia,126.9,43.669,-145,-100,128.72,45.39,6
82,Angiospermae,Dicotyledoneae,,Platanaceae,Platanus,Platanus appendiculata,125.336,46.415,-145,-100,127.24,48.65,6
83,Angiospermae,Dicotyledoneae,,,Podozamites,Podozamites  lanceolatus,120.821,37.01,-145,-100,123.19,38.4,6
84,Angiospermae,Dicotyledoneae,,,Podozamites,Podozamites  eichwaldii,124.319,40.053,-145,-100,126.46,41.64,6
85,Angiospermae,Dicotyledoneae,,,Podozamites,Podozamites olenekensis,121.65,42.011,-145,-100,123.53,43.43,6
86,Angiospermae,Dicotyledoneae,,,Podozamites,Podozamites latifolius,124.141,42.842,-145,-100,125.99,44.41,6
87,Angiospermae,Dicotyledoneae,,,Podozamites ,Podozamites  angustifolius,117.68,49.466,-145,-100,118.84,51.16,6
88,Angiospermae,Dicotyledoneae,,,Podozamites ,Podozamites  angustifolius,119.585,45.286,-145,-100,121.46,47.14,6
89,Angiospermae,Dicotyledoneae,,,Podozamites ,Podozamites  angustifolius,120.573,49.24,-145,-100,121.86,51.14,6
90,Angiospermae,Dicotyledoneae,,,Podozamites ,Podozamites  angustifolius,123.593,42.433,-145,-100,125.47,43.97,6
91,Angiospermae,Dicotyledoneae,,,Pterophyllum,Pterophyllum aff. burejense,119.586,45.429,-145,-100,121.44,47.28,6
92,Angiospermae,Dicotyledoneae,,,Pterophyllum,Pterophyllum aff. burejense,121.671,41.999,-145,-100,123.55,43.42,6
93,Angiospermae,Dicotyledoneae,,,Pterophyllum,Pterophyllum angustum,131.117,44.084,-145,-100,135.21,45.85,6
94,Angiospermae,Dicotyledoneae,,,Pterophyllum,Pterophyllum angustifolium,125.137,42.885,-145,-100,127,44.51,6
95,Angiospermae,Dicotyledoneae,,,Ptilophyllum,Ptilophyllum acutifolium,86.969,28.397,-145,-100,49.81,-46.36,6
96,Angiospermae,Dicotyledoneae,,Protiaceae,Rogersia,Rogersia angustifolia,129.509,42.891,-145,-100,131.49,44.76,6
97,Angiospermae,,,,Ruffordia,Ruffordia goepperti,117.365,25.941,-145,-100,122.34,28.05,6
98,Angiospermae,,,Schizaceae,Ruffordia,Ruffordia goepperti ,117.371,25.948,-145,-100,122.34,28.05,6
99,Angiospermae,,,Schizaceae,Ruffordia,Ruffordia goepperti,129.254,42.894,-145,-100,131.22,44.75,6
100,Angiospermae,Dicotyledoneae,,,Schizolepis ,Schizolepis  angustipeduncuraris ,120.579,49.243,-145,-100,121.87,51.14,6
101,Angiospermae,Dicotyledoneae,,,Sphenobaiera ,Sphenobaiera  angustifolia,129.24,42.887,-145,-100,131.21,44.74,6
102,Angiospermae,Dicotyledoneae,,,Sphenolepis,Sphenolepis kurriana,106.804,35.132,-145,-100,109.21,35.67,6
103,Angiospermae,Dicotyledoneae,,,Sphenolepis,Sphenolepis kurriana,119.201,29.401,-145,-100,122.65,31.86,6
104,Angiospermae,Dicotyledoneae,,,Sphenolepis,Sphenolepis concinna ,131.66,45.649,-145,-100,133.94,48.29,6
105,Angiospermae,Dicotyledoneae,,,Sphenopteris,Sphenopteris acrodentata ,120.568,28.328,-145,-100,124.42,31.3,6
106,Angiospermae,Dicotyledoneae,,,Taeniopteris,Taeniopteris alternata,91.112,29.646,-145,-100,88.7,13.52,6
107,Angiospermae,Dicotyledoneae,,Taxaceae,Taxus ,Taxus  acuta ,109.745,39.568,-145,-100,111.73,40.28,6
108,Angiospermae,Dicotyledoneae,,Hydrocaryaceae,Trapa,Trapa angulata,125.899,47.171,-145,-100,127.72,49.44,6
109,Angiospermae,Dicotyledoneae,,Toretziaceae,Umaltolepis,Umaltolepis hebeiensis,114.881,40.823,-145,-100,116.78,41.84,6
110,Angiospermae,Dicotyledoneae,,Toretziaceae,Umaltolepis,Umaltolepis hebeiensis,121.664,42.019,-145,-100,123.54,43.44,6
111,Angiospermae,Dicotyledoneae,,,Ussuriocladus,Ussuriocladus antuensis,128.568,42.661,-145,-100,130.54,44.48,6
112,Angiospermae,Dicotyledoneae,,,Zamiophyllum,Zamiophyllum angustifolium,115.179,23.638,-145,-100,121.17,25.19,6
113,Angiospermae,Monocotyledoneae,,Alangiaceae,Alangium,Alangium feijiajieense,127.96,45.211,-100,-66,118.2,50.34,7
114,Angiospermae,Dicotyledoneae,,Betulaceae,Alnites,Alnites jelisejevii,130.403,48.889,-100,-66,119.28,54.32,7
115,Angiospermae,Dicotyledoneae,,Betulaceae,Alnus,Alnus protobarbata,130.403,48.889,-100,-66,119.28,54.32,7
116,Angiospermae,Dicotyledoneae,,Vitaceae,Ampelopsis,Ampelopsis acerifolia,130.403,48.889,-100,-66,119.28,54.32,7
117,Angiospermae,Dicotyledoneae,,Araliaceae,Aralia,Aralia firma,87.236,29.294,-100,-66,78.76,12.29,7
118,Angiospermae,Dicotyledoneae,,,Arthollia,Arthollia sinenis,130.365,42.862,-100,-66,121.21,47.77,7
119,Angiospermae,Dicotyledoneae,,Aspleniaceae,Asplenium,Asplenium dicksonianum,129.417,49.115,-100,-66,118.1,54.36,7
120,Angiospermae,Dicotyledoneae,,Betulaceae,Betula,Betula prisca,130.403,48.889,-100,-66,119.28,54.32,7
121,Angiospermae,Dicotyledoneae,,Betulaceae,Betula,Betula sachalinensis,130.403,48.889,-100,-66,119.28,54.32,7
122,Angiospermae,Dicotyledoneae,,Betulaceae,Betuliphyllum,Betuliphyllum hunchunensis,130.365,42.862,-100,-66,121.21,47.77,7
123,Angiospermae,Dicotyledoneae,,,Brachyphyllum,Brachyphyllum rhombimaniferum,108.493,22.761,-100,-66,107.54,23.53,7
124,Angiospermae,Dicotyledoneae,,,Brachyphyllum,Brachyphyllum rhombimaniferum,116.403,25.065,-100,-66,113.5,28.92,7
125,Angiospermae,Dicotyledoneae,,Leguminosae,Cassia,Cassia cf. fayettensis,88.357,29.355,-100,-66,79.76,12.41,7
126,Angiospermae,Dicotyledoneae,,Leguminosae,Cassia,Cassia marshalensis,80.761,31.177,-100,-66,60.53,-28.75,7
127,Angiospermae,,,Fagaceae,Castanea,Castanea tangyuaensis,129.897,46.728,-100,-66,119.67,52.15,7
128,Angiospermae,Dicotyledoneae,,Celastraceae,Celastrophyllum,Celastrophyllum newberryanum,130.365,42.862,-100,-66,121.21,47.77,7
129,Angiospermae,Dicotyledoneae,,Celastraceae,Celastrophyllum,Celastrophyllum ovale,112.577,40.894,-100,-66,103.53,42.79,7
130,Angiospermae,Dicotyledoneae,,Celastraceae,Celastrus,Celastrus minor,87.656,29.379,-100,-66,79.13,12.39,7
131,Angiospermae,Dicotyledoneae,,Ceratophyllaceae,Ceratophyllum,Ceratophyllum jilinense,130.365,42.862,-100,-66,121.21,47.77,7
132,Angiospermae,Dicotyledoneae,,Cercidiphyllaceae,Cercidiphyllum,Cercidiphyllum arcticum,127.96,45.211,-100,-66,118.2,50.34,7
133,Angiospermae,Dicotyledoneae,,Cercidiphyllaceae,Cercidiphyllum,Cercidiphyllum elliptcum,89.053,29.294,-100,-66,80.38,12.39,7
134,Angiospermae,,,Tiliaceae,Cf. Tiliaephyllum,Cf. Tiliaephyllum tsagajannicum,130.403,48.889,-100,-66,119.28,54.32,7
135,Angiospermae,Dicotyledoneae,,Lauraceae,Cinnamomum,Cinnamomum hesperium,108.629,22.609,-100,-66,107.74,23.45,7
136,Angiospermae,Dicotyledoneae,,Lauraceae,Cinnamomum,Cinnamomum newberryi,108.629,22.609,-100,-66,107.74,23.45,7
137,Angiospermae,Dicotyledoneae,,,Cissites,Cissites hunchunensis,130.365,42.862,-100,-66,121.21,47.77,7
138,Angiospermae,Dicotyledoneae,,,Cissites,Cissites jingxiensis,117.172,40.432,-100,-66,108.31,43.15,7
139,Angiospermae,Dicotyledoneae,,Vitaceae,Cissus,Cissus marginata,130.403,48.889,-100,-66,119.28,54.32,7
140,Angiospermae,Dicotyledoneae,,,Cladophlebis,Cladophlebis septentrionalis,130.41,48.894,-100,-66,119.28,54.33,7
141,Angiospermae,Dicotyledoneae,,Corylaceae,Corylites,Corylites fosteri,130.403,48.889,-100,-66,119.28,54.32,7
142,Angiospermae,Dicotyledoneae,,Corylaceae,Corylites,Corylites hunchunensis,130.365,42.862,-100,-66,121.21,47.77,7
143,Angiospermae,Dicotyledoneae,,Hamamelidaceae,Corylopsiphyllum,Corylopsiphyllum jilinense,130.365,42.862,-100,-66,121.21,47.77,7
144,Angiospermae,Dicotyledoneae,,Corylaceae,Corylus,Corylus kenaiana,127.96,45.211,-100,-66,118.2,50.34,7
145,Angiospermae,Dicotyledoneae,,Corylaceae,Credneria,Credneria inordinata,130.403,48.889,-100,-66,119.28,54.32,7
146,Angiospermae,Dicotyledoneae,,Cupressaceae,Cupressinoxylon ,Cupressinoxylon  jiayinense ,130.394,48.887,-100,-66,119.27,54.32,7
147,Angiospermae,Dicotyledoneae,,Juglandaceae,Cycrocarya,Cycrocarya macroptera,130.403,48.889,-100,-66,119.28,54.32,7
148,Angiospermae,Monocotyledoneae,,Liliaceae,Dianella,Dianella longifolia,88.833,29.358,-100,-66,80.18,12.44,7
149,Angiospermae,Dicotyledoneae,,,Dicotylophyllum,Dicotylophyllum hunchuniphyllum,130.365,42.862,-100,-66,121.21,47.77,7
150,Angiospermae,Dicotyledoneae,,Ebenaceae,Diospyros,Diospyros rotundifolia,124.444,46.862,-100,-66,113.8,51.3,7
151,Angiospermae,Dicotyledoneae,,,Equisetum,Equisetum hunchunense,130.358,42.859,-100,-66,121.2,47.77,7
152,Angiospermae,Dicotyledoneae,,Myrtaceae,Eucalyptus,Eucalyptus angusta,88.357,29.355,-100,-66,79.76,12.41,7
153,Angiospermae,Dicotyledoneae,,Myrtaceae,Eucalyptus,Eucalyptus geinitzii,80.761,31.177,-100,-66,60.53,-28.75,7
154,Angiospermae,Dicotyledoneae,,Myrtaceae,Eucalyptus,Eucalyptus geinitzii,88.357,29.355,-100,-66,79.76,12.41,7
155,Angiospermae,Dicotyledoneae,,Myrtaceae,Eucalyptus,Eucalyptus oblongifolia,80.761,31.177,-100,-66,60.53,-28.75,7
156,Angiospermae,Dicotyledoneae,,Moraceae,Ficus,Ficus daphnogenoides,89.814,29.317,-100,-66,81.06,12.46,7
157,Angiospermae,Dicotyledoneae,,Moraceae,Ficus,Ficus myrtifolius ,80.761,31.177,-100,-66,60.53,-28.75,7
158,Angiospermae,Dicotyledoneae,,Moraceae,Ficus,Ficus platanicostata,127.96,45.211,-100,-66,118.2,50.34,7
159,Angiospermae,Dicotyledoneae,,,Ginkgo ,Ginkgo  adiantoides ,130.394,48.887,-100,-66,119.27,54.32,7
160,Angiospermae,Dicotyledoneae,,Gleicheniaceae,Gleichenites,Gleichenites gracilis,130.41,48.894,-100,-66,119.28,54.33,7
161,Angiospermae,Dicotyledoneae,,Taxodiaceae,Glyptostrobus ,Glyptostrobus  europaeus ,130.653,43.073,-100,-66,121.45,48.02,7
162,Angiospermae,Dicotyledoneae,,Juglandaceae,Juglandites,Juglandites polophyllus,130.365,42.862,-100,-66,121.21,47.77,7
163,Angiospermae,Dicotyledoneae,,Juglandaceae,Juglandites,Juglandites sinuatus,89.814,29.317,-100,-66,81.06,12.46,7
164,Angiospermae,Dicotyledoneae,,Protiaceae,Macclintockia,Macclintockia cf. trinervis,130.315,48.863,-100,-66,119.19,54.28,7
165,Angiospermae,Dicotyledoneae,,,Menispermites,Menispermites kujiensis,130.403,48.889,-100,-66,119.28,54.32,7
166,Angiospermae,Dicotyledoneae,,,Menispermites,Menispermites obtsiloba,130.403,48.889,-100,-66,119.28,54.32,7
167,Angiospermae,Dicotyledoneae,,Taxodiaceae,Metasequoia ,Metasequoia  cuneata ,130.358,42.86,-100,-66,121.2,47.77,7
168,Angiospermae,Dicotyledoneae,,Taxodiaceae,Metasequoia ,Metasequoia  cuneata ,129.897,46.727,-100,-66,119.67,52.14,7
169,Angiospermae,Dicotyledoneae,,Taxodiaceae,Metasequoia ,Metasequoia  disticha ,129.412,49.11,-100,-66,118.1,54.36,7
170,Angiospermae,Dicotyledoneae,,Myrtaceae,Myrtophyllum,Myrtophyllum penzhinense,130.365,42.862,-100,-66,121.21,47.77,7
171,Angiospermae,Dicotyledoneae,,Lauraceae,Nectandra,Nectandra guangxiensis ,108.629,22.609,-100,-66,107.74,23.45,7
172,Angiospermae,Dicotyledoneae,,Lauraceae,Nectandra,Nectandra prolifica,108.629,22.609,-100,-66,107.74,23.45,7
173,Angiospermae,Dicotyledoneae,,Filiaceae,Nordenskioldia,Nordenskioldia cf. borealis,130.403,48.889,-100,-66,119.28,54.32,7
174,Angiospermae,Dicotyledoneae,,Nymphaeaceae,Nymphaeites ,Nymphaeites  browni ,130.403,48.889,-100,-66,119.28,54.32,7
175,Angiospermae,Dicotyledoneae,,Osmundaceae,Osmunda,Osmunda cf. diamensis,130.41,48.894,-100,-66,119.28,54.33,7
176,Angiospermae,Dicotyledoneae,,Oxalidaceae,Oxalis,Oxalis jiayinensis,130.497,48.853,-100,-66,119.4,54.3,7
177,Angiospermae,Dicotyledoneae,,Scrophulariaceae,Paulownia,Paulownia shangzhiensis,127.96,45.211,-100,-66,118.2,50.34,7
178,Angiospermae,Dicotyledoneae,,,Phoroxylon,Phoroxylon scalariforme,131.004,45.335,-100,-66,121.43,50.99,7
179,Angiospermae,,,Marantaceae,Phrynium,Phrynium tibeticum,88.357,29.355,-100,-66,79.76,12.41,7
180,Angiospermae,Dicotyledoneae,,Taxodiaceae,Piceoxylon ,Piceoxylon  dongguanensse ,113.788,23.072,-100,-66,112.16,26.05,7
181,Angiospermae,Dicotyledoneae,,Taxodiaceae,Piceoxylon ,Piceoxylon  manchuricum ,131.003,45.334,-100,-66,121.43,50.99,7
182,Angiospermae,Dicotyledoneae,,Ulmaceae,Planera,Planera cf. microphylla,130.403,48.889,-100,-66,119.28,54.32,7
183,Angiospermae,Dicotyledoneae,,Platanaceae,Platanus,Platanus raynoldii,130.403,48.889,-100,-66,119.28,54.32,7
184,Angiospermae,Dicotyledoneae,,Platanaceae,Platanus,Platanus cf. cuneifolia,112.702,40.013,-100,-66,103.93,41.95,7
185,Angiospermae,Dicotyledoneae,,Platanaceae,Platanus,Platanus cuneifolia,113.667,43.859,-100,-66,103.62,45.86,7
186,Angiospermae,Dicotyledoneae,,Platanaceae,Platanus,Platanus densinervis,130.403,48.889,-100,-66,119.28,54.32,7
187,Angiospermae,Dicotyledoneae,,Platanaceae,Platanus,Platanus raynoldii,127.96,45.211,-100,-66,118.2,50.34,7
188,Angiospermae,Dicotyledoneae,,Platanaceae,Platanus,Platanus septentrioalis,124.466,45.079,-100,-66,114.55,49.59,7
189,Angiospermae,Dicotyledoneae,,Platanaceae,Platanus,Platanus sinensis,130.403,48.889,-100,-66,119.28,54.32,7
190,Angiospermae,Dicotyledoneae,,Platanaceae,Platanus占,Platanus占 raynoldii,129.897,46.728,-100,-66,119.67,52.15,7
191,Angiospermae,Dicotyledoneae,,Salicaceae,Populites,Populites litigiosus ,130.365,42.862,-100,-66,121.21,47.77,7
192,Angiospermae,Dicotyledoneae,,Salicaceae,Populus,Populus carneosa,130.403,48.889,-100,-66,119.28,54.32,7
193,Angiospermae,Dicotyledoneae,,Salicaceae,Populus,Populus latior,89.053,29.294,-100,-66,80.38,12.39,7
194,Angiospermae,Dicotyledoneae,,Potamogetonaceae,Potamogeton,Potamogeton jeholensis,117.172,40.432,-100,-66,108.31,43.15,7
195,Angiospermae,Dicotyledoneae,,,Protophyllum,Protophyllum cf. haydenii,130.403,48.889,-100,-66,119.28,54.32,7
196,Angiospermae,Dicotyledoneae,,,Protophyllum,Protophyllum cordifolium,129.897,46.728,-100,-66,119.67,52.15,7
197,Angiospermae,Dicotyledoneae,,,Protophyllum,Protophyllum haydenii,130.365,42.862,-100,-66,121.21,47.77,7
198,Angiospermae,Dicotyledoneae,,,Protophyllum,Protophyllum microphyllum,130.336,42.893,-100,-66,121.17,47.8,7
199,Angiospermae,Dicotyledoneae,,,Protophyllum,Protophyllum multinerve,130.365,42.862,-100,-66,121.21,47.77,7
200,Angiospermae,Dicotyledoneae,,,Protophyllum,Protophyllum ovatifolium,130.336,42.893,-100,-66,121.17,47.8,7
201,Angiospermae,Dicotyledoneae,,,Protophyllum,Protophyllum ovatifolium,130.403,48.889,-100,-66,119.28,54.32,7
202,Angiospermae,Dicotyledoneae,,,Protophyllum,Protophyllum renifolium,129.897,46.728,-100,-66,119.67,52.15,7
203,Angiospermae,Dicotyledoneae,,,Protophyllum,Protophyllum rotundum,130.336,42.893,-100,-66,121.17,47.8,7
204,Angiospermae,Monocotyledoneae,,,Protophyllum,Protophyllum cordifolium,130.336,42.893,-100,-66,121.17,47.8,7
205,Angiospermae,Dicotyledoneae,,Platanaceae,Pseudoprotophyllum,Pseudoprotophyllum cf. dentatum,130.403,48.889,-100,-66,119.28,54.32,7
206,Angiospermae,Dicotyledoneae,,,Pterospermites,Pterospermites auriculaecordatus,130.403,48.889,-100,-66,119.28,54.32,7
207,Angiospermae,Dicotyledoneae,,,Pterospermites,Pterospermites heilongjiangensis,130.403,48.889,-100,-66,119.28,54.32,7
208,Angiospermae,Dicotyledoneae,,,Pterospermites,Pterospermites orientalis,130.403,48.889,-100,-66,119.28,54.32,7
209,Angiospermae,Dicotyledoneae,,,Pterospermites,Pterospermites peltatifolius,130.403,48.889,-100,-66,119.28,54.32,7
210,Angiospermae,Dicotyledoneae,,Fagaceae,Quercus,Quercus orbicularis,87.656,29.379,-100,-66,79.13,12.39,7
211,Angiospermae,Dicotyledoneae,,Rhamnaceae,Rhamnites,Rhamnites eminens,89.814,29.317,-100,-66,81.06,12.46,7
212,Angiospermae,Dicotyledoneae,,Rhamnaceae,Rhamnus,Rhamnus menchigesis,80.761,31.177,-100,-66,60.53,-28.75,7
213,Angiospermae,Dicotyledoneae,,Rhamnaceae,Rhamnus,Rhamnus shangzhiensis,127.96,45.211,-100,-66,118.2,50.34,7
214,Angiospermae,Dicotyledoneae,,Salicaceae,Salix,Salix cf. meeki,89.814,29.317,-100,-66,81.06,12.46,7
215,Angiospermae,Dicotyledoneae,,Salviniaceae,Salvinia,Salvinia jilinensis,130.372,42.868,-100,-66,121.22,47.78,7
216,Angiospermae,Dicotyledoneae,,Magnoliaceae,Schisandra,Schisandra durbudensis,124.444,46.862,-100,-66,113.8,51.3,7
217,Angiospermae,Dicotyledoneae,,Taxodiaceae,Sequoia ,Sequoia  affinis ,130.394,48.887,-100,-66,119.27,54.32,7
218,Angiospermae,Dicotyledoneae,,Taxodiaceae,Sequoia ,Sequoia  reichenbachii ,130.365,42.862,-100,-66,121.21,47.77,7
219,Angiospermae,Dicotyledoneae,,Sparganiaceae,Sparganium,Sparganium fengningense,117.753,41.936,-100,-66,108.41,44.72,7
220,Angiospermae,Dicotyledoneae,,Menisspermaceae,Stephanofolium,Stephanofolium ovatiphyllum,130.365,42.862,-100,-66,121.21,47.77,7
221,Angiospermae,Dicotyledoneae,,Cheirolepidiaceae,Suturovagina ,Suturovagina  intermedia ,119.61,29.074,-100,-66,114.2,33.8,7
222,Angiospermae,Dicotyledoneae,,Cheirolepidiaceae,Suturovagina ,Suturovagina  intermedia ,118.244,28.681,-100,-66,113.18,32.88,7
223,Angiospermae,Dicotyledoneae,,,Taxodioxylon ,Taxodioxylon  cryptomerioides ,130.394,48.887,-100,-66,119.27,54.32,7
224,Angiospermae,Monocotyledoneae,,,Taxodioxylon ,Taxodioxylon  sequoianum ,102.708,25.048,-100,-66,110.66,23.07,7
225,Angiospermae,Dicotyledoneae,,Taxodiaceae,Taxodium ,Taxodium  olrokii,130.307,48.86,-100,-66,119.19,54.28,7
226,Angiospermae,Dicotyledoneae,,Taxodiaceae,Taxodium ,Taxodium  olrokii,130.365,42.862,-100,-66,121.21,47.77,7
227,Angiospermae,Dicotyledoneae,,,Thallites,Thallites jiayingensis,130.307,48.861,-100,-66,119.19,54.28,7
228,Angiospermae,Dicotyledoneae,,Pinaceae,Thuja ,Thuja  cretacea ,130.394,48.887,-100,-66,119.27,54.32,7
229,Angiospermae,Dicotyledoneae,,Pinaceae,Thuja ,Thuja  heilongjiangensis,125.363,46.242,-100,-66,115.03,50.87,7
230,Angiospermae,Dicotyledoneae,,Tiliaceae,Tiliaephyllum,Tiliaephyllum cf. tsagajannicum,130.403,48.889,-100,-66,119.28,54.32,7
231,Angiospermae,Dicotyledoneae,,Tiliaceae,Tiliaephyllum,Tiliaephyllum jilinense ,130.365,42.862,-100,-66,121.21,47.77,7
232,Angiospermae,,,Tiliaceae,Tiliaephyllum,Tiliaephyllum tsagajannicum,130.403,48.889,-100,-66,119.28,54.32,7
233,Angiospermae,Dicotyledoneae,,Hydrocaryaceae,Trapa,Trapa angulata,126.969,46.652,-100,-66,116.56,51.56,7
234,Angiospermae,Dicotyledoneae,,Hydrocaryaceae,Trapa,Trapa angulata,130.403,48.889,-100,-66,119.28,54.32,7
235,Angiospermae,Dicotyledoneae,,Hydrocaryaceae,Trapa,Trapa microphylla,126.576,45.832,-100,-66,116.48,50.69,7
236,Angiospermae,Dicotyledoneae,,Trochodendraceae,Trochodendroides,Trochodendroides smilacifolia,130.403,48.889,-100,-66,119.28,54.32,7
237,Angiospermae,Dicotyledoneae,,Trochodendraceae,Trochodendroides ,Trochodendroides  arctica,130.403,48.889,-100,-66,119.28,54.32,7
238,Angiospermae,Dicotyledoneae,,Caprifoliaceae,Viburniphyllum,Viburniphyllum finale,130.403,48.889,-100,-66,119.28,54.32,7
239,Angiospermae,Dicotyledoneae,,Caprifoliaceae,Viburnum,Viburnum antiquum,130.403,48.889,-100,-66,119.28,54.32,7
240,Angiospermae,Dicotyledoneae,,Caprifoliaceae,Viburnum,Viburnum asperum,89.814,29.317,-100,-66,81.06,12.46,7
241,Angiospermae,Dicotyledoneae,,Caprifoliaceae,Viburnum,Viburnum asperum,130.403,48.889,-100,-66,119.28,54.32,7
242,Angiospermae,Dicotyledoneae,,Caprifoliaceae,Viburnum,Viburnum cf. contortum,130.403,48.889,-100,-66,119.28,54.32,7
243,Angiospermae,Dicotyledoneae,,Caprifoliaceae,Viburnum,Viburnum lakesii ,129.897,46.728,-100,-66,119.67,52.15,7
244,Angiospermae,Dicotyledoneae,,Vitaceae,Vitiphyllum,Vitiphyllum jilinense,130.365,42.862,-100,-66,121.21,47.77,7
245,Angiospermae,Dicotyledoneae,,Rhamnaceae,Zizyphus,Zizyphus pseudocretacea,130.403,48.889,-100,-66,119.28,54.32,7
